Intern_ID,Attendance_Percentage,Tasks_Assigned,Feedback_Score,Participation_Score,Learning_Assessment_Score,Avg_Submission_Delay_Days,Weekly_Activity_Hours,Meetings_Attended,Tasks_Completed,Task_Completion_Rate,Performance_Status
362,83.81069406538931,15,7.01436480468393,5.021973378622419,63.156154656123064,3.9322047594399736,,13,11,0.73,Successful
74,97.23192142682251,25,8.236329655243313,8.210448598637191,79.10664494827482,1.7853434221539497,37.436140172986626,17,22,0.88,Successful
375,72.42173186400701,16,7.259562007740208,5.589525561941266,51.34560704070706,4.748364113835179,18.757584998627546,15,11,0.69,Successful
156,88.63082907267251,23,9.492089758530847,7.727411510904189,,0.8696546772074925,32.0214262511097,14,19,0.83,Successful
105,98.6134971088914,21,9.90012393410161,7.227589984325991,82.7930516948887,0.03678135309493347,30.693286862039926,14,20,0.95,Successful
395,87.85591289878676,21,6.301401536764315,4.6754168267107445,57.70082684930138,1.4517265707440452,26.962955232816515,12,16,0.76,Successful
378,80.75521870822861,21,7.183841530192229,4.782437092178061,54.956118180135505,,30.938501202405885,11,14,0.67,Successful
125,88.41902743812912,30,9.523021263434945,7.6190011552173775,88.5681110836899,1.037835410565675,33.95050882094525,19,26,0.87,Successful
69,86.11825965519657,22,8.637951260587522,8.56049050333598,96.04571941895679,0.41577251029205464,,16,21,0.95,Successful
451,61.42979907204993,18,2.993505041479201,4.593698089267651,54.13483927295467,5.088163622779296,9.207593113748036,5,9,0.5,Needs Improvement
10,95.62108866694068,28,8.81790588882854,8.86039779340461,81.1489432096127,1.3270747440334212,30.166904141528,15,28,1,Successful
195,80.41511454656185,17,6.725490051489874,7.025058631565811,50.88092477307177,4.965052906934533,25.717096417842072,11,12,0.71,Successful
407,49.125961589088426,12,4.3906731308108125,1.3524597282157234,55.08353109621746,10.334457556864852,22.24863457480692,8,5,0.42,Needs Improvement
85,89.66473482573494,22,8.825235353822853,8.176732135299197,82.53444685410355,0.5889315190838353,35.79575978790842,16,21,0.95,Successful
372,72.92989291913497,19,5.5417837945259025,7.193376752897313,67.24338662793245,3.5316253227137366,33.820315682391126,,14,0.74,Successful
389,81.06439922367974,17,6.835821516011993,5.790411761280868,75.88641508737237,3.3081626578476433,32.68734687249517,14,13,0.76,Successful
496,49.29363577627298,14,4.010524970520522,1.0906202052286487,37.92185954081156,8.39371904525494,15.116323673611609,1,6,0.43,Needs Improvement
31,94.11317277852157,22,9.407315718760048,9.79818545006204,81.9994773415071,1.04878053865516,36.69720125834514,16,21,,Successful
317,44.66727592280891,16,7.826946169019578,4.7647628058591565,96.3563199864004,2.8671283089247517,24.25147206368687,9,12,0.75,Successful
409,46.912499863520495,11,5.786934915693582,4.321096924944841,55.299785033636496,9.847661978377037,24.33564249779002,3,5,0.45,Successful
491,56.58121227155635,13,5.29897294938803,2.95929686594013,54.65492839756078,9.274222253026284,9.398629512710052,5,,0.54,Needs Improvement
492,51.8966104596989,12,3.1695324416487725,5.478373888093893,49.7853230592231,8.83775061091934,15.812928972631592,,7,0.58,Needs Improvement
281,74.91649440858905,23,7.578695694940837,7.690492232351159,56.55329548649921,2.4247425884703766,34.56806079270061,10,17,0.74,Successful
357,68.98218613107012,20,7.784952598545731,7.016430721264657,51.484905604809995,3.108904723359201,23.357499665253407,10,14,0.7,Needs Improvement
77,96.56905520028918,27,9.754944027054107,9.265411767020858,88.07663561922799,0.518846866862585,38.54941969074598,20,26,0.96,Successful
462,69.35576405167421,11,5.353967335372099,2.111806523740851,50.13472420139066,8.282428559030164,15.475588270634445,3,6,0.55,Needs Improvement
498,66.14242102572562,15,3.9643829175326606,1.3452295315729987,49.09122844600123,9.346252310135071,20.32510329708502,4,7,0.47,Needs Improvement
212,,21,,5.609308498746223,65.76304737637079,3.170137474129006,30.269266396192048,9,16,0.76,Successful
102,94.54615616895671,26,9.810763952838528,7.986254830862524,97.34731457627394,1.0513803646053717,36.35224741664551,17,24,0.92,Successful
335,83.2707368717719,15,5.20776291885758,6.451600643447797,57.88026927795955,2.8239171030397476,21.52061360900171,11,11,0.73,Successful
476,40.342539503622206,11,4.153327773022854,4.482149035180536,34.69430148010802,11.960679985489952,13.824967490882866,0,5,0.45,Needs Improvement
337,70.86403233337072,16,6.4347658837277715,7.387674912354239,64.18691398432715,3.408467941419118,33.29073861328373,14,11,0.69,Needs Improvement
441,48.89679736617792,16,4.357815957938788,3.1960530062485866,41.0872259828032,5.173468367311811,22.405594819713354,2,7,0.44,Needs Improvement
174,88.39743662796907,21,9.258797276270524,7.382740908386691,80.61512057349955,1.3175667334214347,39.55590404630794,14,18,0.86,Successful
3,95.97990912717108,20,8.54166450252415,8.752942935769301,89.2694576167228,0.9967355454789595,33.87309956371769,19,20,1,Successful
334,69.70872709414003,20,5.782139899759749,6.195354626880235,79.12298619424348,4.577810227296929,22.949452212348042,12,13,0.65,Successful
410,40.04421466258934,,2.4236232176150305,5.40845305921754,44.552839799386206,4.689501651230269,17.110896340486008,9,5,0.38,Needs Improvement
71,96.58367153944987,26,8.046543871471652,8.655720516323456,94.88168279649726,0.36287087017959463,36.15576739231684,14,22,0.85,Successful
210,69.09998702473743,23,5.239896183077906,4.725277119702021,,2.615591456680495,32.993866885267806,15,15,0.65,Successful
64,90.35129990040384,26,,8.074488154098521,98.45851142052595,0.40996859083164194,31.555697445471882,20,22,0.85,Needs Improvement
385,76.11048631878003,,6.027150908100639,6.570698630689694,58.9018292331227,1.0979937930706094,27.296613896577146,10,16,0.7,Successful
94,93.41915796354245,24,8.206247737671866,9.848561870972926,77.92245101770911,0.044938616640234796,28.694112118760756,16,,1,Successful
486,55.143867949135846,15,3.710405334813349,1.5860195284011671,45.21178940216155,6.358103565801452,16.593648926627687,4,6,0.4,Needs Improvement
186,70.02147724655735,21,5.635947472706715,6.154782669372157,53.67301695076823,3.0086144398479475,27.33266764050791,9,14,0.67,Needs Improvement
34,99.23328306,25,8.983231750233665,7.079100923491756,83.09198091010609,1.1192806626164358,34.47389550850404,17,24,0.96,Successful
78,86.11066977601135,30,9.47014208760777,8.860928654060395,83.97076210308757,0.7593848163345338,39.336784267496924,18,26,0.87,Successful
1,90.61810178271044,23,8.645912945882491,8.363623194303319,84.07705740996587,0.2817140407595997,38.190347818783835,17,21,0.91,Successful
12,99.54864778242991,21,8.312874085342171,7.564363479171284,79.66417560128265,1.9221406349389103,38.9858595710565,16,18,0.86,Successful
416,65.45276137271574,14,4.350343484437607,2.249784731988106,56.47679630317042,5.336188043475443,23.66222770762058,6,8,0.57,Needs Improvement
23,89.38216972802827,24,8.495461979002314,9.054193517661638,96.6376781473495,0.41027928096401434,37.94698568980813,15,21,0.88,Successful
73,,25,8.5637095495468,9.629960807975035,79.09139857164261,0.8428491011849959,39.3995342074027,17,23,0.92,Successful
183,73.94503377320679,19,6.597443577678279,6.459912961364529,59.59000497321634,3.585800360498428,18.37445766080489,10,14,0.74,Successful
132,88.33161715706095,21,9.412484454312992,7.245277095846616,86.55014509110332,0.7785912280839531,33.76703892791978,17,17,0.81,Successful
411,61.88034382263989,17,2.6193144503908794,5.070628427955809,40.00885187510597,3.7954645228606685,16.30442575521839,4,11,0.65,Needs Improvement
194,79.8694159344234,20,,6.713515291420567,52.790914593800814,4.316070930181964,32.737868961982024,13,15,0.75,Successful
56,98.82811352534675,23,8.916505780983034,7.742044305229593,86.78940471375395,0.47636556209345304,37.219280966374214,20,22,0.96,Successful
149,85.77218126874985,28,8.985250208581718,9.140048757653657,93.41110589061807,0.6684877816339216,37.032599674691696,15,27,0.96,Successful
19,91.47917527963173,23,9.475793833391537,9.094485142059234,99.55946542271516,0.13415295477685496,33.69057059988957,14,21,0.91,Successful
205,,16,6.998920657505119,6.652168018001969,79.64196699958322,2.8664311387888635,20.03921278140613,12,12,0.75,Successful
79,90.37698592816409,30,9.606961860769697,9.11223930429767,96.9300135203277,1.1805898850296155,33.60881813499844,16,28,0.93,Successful
495,44.71819624539146,11,3.204184311337252,3.09635830583011,50.77076767383174,8.723462941440399,8.96863835895526,1,4,0.36,Needs Improvement
263,74.32121592972337,21,,7.410912079502845,64.37210189310053,2.481587945101226,31.103270510485956,8,17,0.81,Successful
324,71.35561449743733,16,6.272890657654664,6.880032158652453,54.94474026040286,2.967724400422916,28.91161930054104,15,12,0.75,Successful
484,69.01105825768438,16,2.99353443497283,1.5769732108945869,42.74552528604261,9.073076719506695,10.331524298596634,9,8,0.5,Needs Improvement
80,86.73803589287695,21,8.564069145142613,7.638892484526732,84.81112768556588,0.5361272816457525,35.36093667052849,17,18,0.86,Successful
40,91.60228740609402,20,9.270187301735287,8.142672569893065,82.2157638310064,0.5414893462871075,30.795513697043607,20,19,0.95,Successful
452,53.85148431439357,17,2.8576259319726582,4.662005245291896,53.18428719871012,3.1294330146487654,11.583482726350486,2,10,0.59,Needs Improvement
47,89.67566614134117,28,8.32586885416286,7.169126489952781,78.36036692347436,0.05419198500696698,37.58539882928399,15,26,0.93,Successful
239,80.71912045514863,24,5.68668381453984,7.2054676632780765,60.21140278000025,3.383955368733927,18.718959736785582,9,20,0.83,Needs Improvement
392,78.55909162449346,24,5.2812707619366694,,74.8876267059575,1.403764799910086,29.46393264339897,11,19,0.79,Successful
353,85.67097209279694,17,6.650275821374468,5.35910988624754,64.22865261293782,4.050385578776702,30.33566240466507,12,12,0.71,Successful
342,74.35741917849481,24,5.341869904142952,4.3902500409571985,50.08763097864086,1.237886275469123,19.01518031250512,12,16,0.67,Needs Improvement
278,65.22576010323876,24,6.955131943732905,4.900894809073959,65.98027660284664,,33.82372405438033,11,15,,Needs Improvement
291,79.69710927775968,23,7.7909566545134705,5.484828375559993,71.90738441270437,3.3319377046584098,27.244697373726034,11,18,0.78,Successful
318,76.99742703980183,19,,5.3530524213293935,70.83351368392127,1.137845038,21.08956624206087,15,13,0.68,Successful
305,65.85469414847896,15,5.1434924611823165,6.92979492735236,73.67482539766195,3.8435388667292765,32.919999334063284,11,10,0.67,Needs Improvement
269,75.12551997700804,15,6.114225702950423,7.749413176863458,71.23064978991856,1.3528068151594828,30.234114882379018,10,,0.67,Successful
70,99.80330404900776,25,9.68975062193891,9.55654450095562,78.49430941565724,0.05306440774763943,32.611919765916184,16,23,0.92,Needs Improvement
456,65.85072711362037,11,3.8357620663872813,1.095644832186435,47.51140763194092,3.3504421501889903,9.716627815901939,4,5,,Needs Improvement
466,56.862183832077136,10,4.177015864454791,1.288660796125586,35.849255997008676,6.980644249060218,13.08951735299092,9,5,0.5,Needs Improvement
155,99.78475681165901,20,9.298420604232128,8.59785179936507,95.97245216114835,1.376804792855472,29.546438409681343,18,19,0.95,Successful
83,89.96347037278974,20,9.613669478534527,8.051762676419791,84.42361073562269,1.1040943617039605,30.78006041660132,14,18,0.9,Successful
478,69.1077132917817,19,3.4737956796663156,1.8584695385272478,51.49191335874297,8.845580367367026,10.633730289438525,9,11,0.58,Needs Improvement
173,92.68139587448921,23,9.046195688340298,8.294978638689038,86.30544852224517,1.6131222957228994,34.495198944113326,17,20,0.87,Successful
322,89.32744370175865,20,7.49160336921452,4.732061776938909,54.125713244510465,1.3746896828236408,30.563451482395298,11,14,0.7,Successful
91,86.79391368907453,25,8.857988054750036,8.189628346963811,88.58882152784972,1.7891044537881828,30.237259145731056,20,22,0.88,Needs Improvement
181,67.06271336101054,25,6.883850158317907,6.969392202290036,53.529319644779754,2.6507013043335865,20.5896030208971,8,17,0.68,Needs Improvement
415,,,2.8105305365413726,2.5490343766123447,55.64922058684423,3.2803418351405194,12.70921291354164,2,11,0.55,Needs Improvement
313,67.21388960558103,23,6.162785694448308,5.977924525180372,50.97937032637006,3.983440154508048,32.5712025175568,9,15,0.65,Needs Improvement
279,79.71031583351514,23,7.432057783958799,4.525397632579627,69.05267317729157,1.9876297066703423,20.137312572867845,12,17,0.74,Successful
382,78.71249304128692,19,7.89538922638099,7.029927539157669,70.12829014227523,3.892597945858518,28.55544603370104,15,15,0.79,Successful
473,51.530651155724044,11,3.4844517537205113,3.0788755176166096,56.6738377182003,6.077147502949413,11.57861797431083,3,4,0.36,Needs Improvement
363,67.26204238217628,23,5.9507674320348345,7.786551816798429,56.55529503062391,3.1143124388887884,28.927921551602964,8,16,0.7,Successful
325,78.04325116590533,17,5.247852990377806,5.671959735481938,55.1174573467127,2.2097899131575196,27.701043605975894,10,13,0.76,Successful
432,56.334908773115956,14,3.7343311705304574,2.963653716357081,54.114436355803406,8.190321589719808,20.536243458101513,5,8,0.57,Needs Improvement
348,67.82774547691433,23,5.131206877639908,4.447743708086121,63.51395904973455,2.024190260419817,29.066274697007234,11,13,0.57,Needs Improvement
87,95.94409267507096,22,9.552825921483993,9.712476083481246,87.56800975231198,1.5272115883195216,34.1522621321981,14,20,0.91,Successful
76,95.9351075206148,25,9.257885693559768,7.086348028940017,91.629930517405,0.6836347033957519,33.01096930941914,18,22,0.88,Successful
439,47.95978412666401,15,4.893791271400004,5.293821396747361,41.175998212786524,10.722209439065063,24.54750452580196,7,8,0.53,Needs Improvement
16,87.7510676478015,26,9.320394753435462,7.233203910894955,77.00584364154105,1.9937485036918947,,14,23,0.88,Successful
250,84.82390236514078,18,6.57651386590592,6.959945546742447,51.7728167023476,4.909808471961472,29.49383993404499,15,14,0.78,Successful
434,45.01963912003181,11,4.993537398704925,3.5156623627577,59.915470617088516,3.8542614313950274,21.644885309999804,6,6,0.55,Needs Improvement
20,89.36843710297063,20,9.108708105022801,8.608289099032362,77.80097255420131,1.4999209407983556,38.34451181187176,19,17,0.85,Successful
323,79.5028057423867,22,5.206138497554804,4.088140641190017,60.2244709936954,4.018484886394367,21.795477553588338,12,15,0.68,Needs Improvement
333,69.05954736655802,16,5.766240454055659,7.166799953813406,73.60251005463311,3.9028658528797964,28.304491603869156,10,12,0.75,Successful
57,86.3273875307788,20,9.09123357863187,8.35163240593028,85.2960228536817,0.19888278551869032,33.01320138600801,20,18,0.9,Successful
302,86.60540444185422,18,5.317080439718822,7.087430904726485,58.55871015071949,3.923272114847235,33.40312005666821,9,13,0.72,Needs Improvement
230,75.0815340280958,25,6.291011532526763,4.839367979425638,53.19031178767324,1.1791138020186729,32.73131568973447,11,19,0.76,Successful
332,83.32247295853355,21,5.031283098192209,6.170183213581692,57.02553340446457,2.4490723483943646,32.105973044889964,10,15,0.71,Needs Improvement
133,86.79798051000525,28,8.1626975612838,9.620735872320331,98.68208349029538,0.5773874735413997,35.10889341591421,14,27,,Successful
138,95.54528438342767,23,9.625599134515005,9.244779071150976,75.45275459552101,0.9521008043981993,31.204339242033058,19,20,0.87,Successful
424,67.0582059024745,15,5.830324060335269,5.5689422193662965,56.32051359398516,11.081272682618993,,7,10,0.67,Needs Improvement
336,68.90409611980435,17,7.879479554227787,4.9045882063597634,58.14706294253119,2.7738233455276164,20.58957235626554,14,12,0.71,Successful
26,96.7776394208952,26,8.02878697725951,9.467611728769507,79.27218968475165,0.9441338902199985,,20,26,1,Successful
465,61.81170284846171,18,5.730842032531045,2.226761570831055,35.09643018152206,9.810571503617112,13.546316606699495,3,10,0.56,Needs Improvement
282,70.9256964277084,16,6.1771811645854235,5.888241736787993,53.60741679535027,4.307259895185676,18.88737669376452,10,10,0.62,Needs Improvement
248,80.15471783902929,25,6.962227386115995,7.964505727285214,56.982894413038665,4.888101025986364,22.733469940257386,14,22,0.88,Needs Improvement
238,86.15613230047623,23,6.899568878040393,4.250168907589474,52.31234035854382,4.1668810370453855,19.97238558291888,11,18,0.78,Successful
118,87.79855088329053,29,8.115117520033289,7.122605848799436,94.93238414448884,1.1948262043406166,35.86290376766826,17,25,0.86,Successful
43,85.51582781672828,25,9.251719831428472,9.514986114133414,87.02850254637043,0.05077271132068972,28.255232930204645,16,22,0.88,Successful
221,75.84138334890972,18,6.094394657433588,6.397475862651735,68.41332256447097,4.558608132070265,27.91553080282177,14,14,0.78,Successful
177,88.53093760580967,25,6.173128289174523,4.7758154690711,59.39485984451847,4.601285072297086,21.588912009824316,15,19,0.76,Successful
321,73.07826642675697,22,6.6488481311567735,7.869424711153101,63.932997086766285,3.0516096645887902,23.810662993367103,12,17,0.77,Successful
154,92.34179140416344,25,8.23505249355421,8.342237100470363,99.62102997405836,0.9909826324123969,37.90980100677715,16,23,0.92,Successful
232,75.45999471669131,20,5.223889443011245,6.081186307674616,50.114514023730415,4.786577735974185,33.42239696653058,12,15,0.75,Successful
228,77.33192116959499,22,6.858493254222763,6.983700835254698,50.93346799752073,1.6625133881130614,20.208808717106923,12,18,0.82,Successful
418,49.087927169212875,10,4.720447541787891,3.6777690743983626,32.27099181929363,10.912671953411229,18.078283068637873,2,5,0.5,Needs Improvement
204,81.52050295748127,18,7.475602302246704,4.551291596636942,72.78747230343896,1.8642054600467488,27.57591182621485,10,14,0.78,Successful
127,97.2702214888374,26,8.20224535224558,8.51025181256457,83.64239983759799,0.3325667375121588,30.642198423397737,20,25,0.96,Successful
330,68.58855905098483,20,7.927972548796378,4.909637983445515,70.29279087015178,3.4230212125562267,29.484861563154418,11,12,0.6,Successful
32,87.55786185530937,23,8.94834765817465,9.598191668501226,94.23732332979841,0.8815254938764563,28.78427608958731,17,,0.87,Successful
114,97.12180569346626,25,9.583158087451697,8.421884920788617,77.76579342388018,0.021991657316960955,38.66497695842773,16,24,0.96,Successful
471,63.58616956783174,12,4.08579609666752,4.08150242962862,47.914659179709055,11.353638883025564,19.457901538477415,0,8,0.67,Needs Improvement
272,81.56553197520802,15,6.498001504935855,4.199368111131767,70.97946125378611,1.123750578925368,30.418438136299436,8,11,0.73,Needs Improvement
141,99.43670942413166,27,9.506756370517884,8.111416308374146,89.12832958973023,1.4651441944205006,35.901422015901105,18,24,0.89,Successful
58,87.93974293628717,23,9.88292961755305,7.387478245454485,83.72170666357488,0.48634438199890817,33.05628402732484,20,22,0.96,Successful
193,87.40553256712596,19,6.719124286792548,7.034705560444019,70.60582993025088,3.119966091705675,30.236454707029665,9,14,0.74,Successful
25,91.84104976325554,30,9.515692220928738,9.732781553481527,81.44757067612349,0.07309933569618976,35.155238541784634,19,27,0.9,Successful
18,92.87134647448357,28,9.909730561326388,9.95863223343881,85.25992067474154,1.1907700346400876,39.331197869361205,19,28,1,Successful
266,66.72831965466548,15,5.596568833325888,5.846931254449529,50.815250482725325,2.7765108526630065,21.162391000096317,,10,,Successful
67,87.11386337462145,20,9.366013546832713,8.56092310271138,93.52801623225147,0.02600384702147207,28.214487216800965,19,17,0.85,Successful
209,66.01885265231182,24,5.69765407509614,4.667540471419484,57.6296594353495,4.4073649474957906,20.696610456948427,14,15,0.62,Needs Improvement
480,47.04920214987858,15,4.665852190107342,3.0597904751705096,36.067625415736046,9.435901451553299,,1,8,0.53,Needs Improvement
95,96.56450769931841,27,9.805105813359134,7.441220442787114,98.49580309033688,0.5373547187698922,39.629231561689735,14,27,1,Needs Improvement
254,73.97877574165578,18,,7.918586860135534,50.00565198669746,1.83545628282296,28.783775575090473,10,13,0.72,Successful
267,75.92913472042066,17,5.193850039532259,5.923624003012279,78.98730232120394,,27.385179199107423,10,11,0.65,Needs Improvement
24,90.49542764940537,24,8.711945357302524,7.487850818034674,95.426801773732,0.38137544132733314,28.44409161658591,15,22,0.92,Successful
223,69.04181360367006,18,6.693323272036647,4.091731245072168,67.31749192305838,2.480209338697021,23.786302687197967,10,11,0.61,Needs Improvement
262,80.81351333065766,15,6.856844579023164,4.22454441366484,74.07062987477792,4.34192094552931,28.78521046987192,11,11,0.73,Successful
427,62.627447790462426,10,2.7541624229970045,2.772124743965274,59.04197436152277,11.108648061214211,19.20377197224795,4,5,0.5,Needs Improvement
6,87.33991780504304,21,8.050701486830915,7.842889568776691,90.14437048392217,0.7247877982332662,39.328712076239356,19,17,0.81,Successful
117,97.05508115348671,30,8.988840609405162,7.576867056426012,84.93218226400919,1.7477801551250305,37.714192896698535,18,29,0.97,Successful
46,94.93783426530973,22,9.31738726323789,7.8202212157921185,83.41510695484801,,39.268812382154756,15,19,0.86,Successful
17,89.56363364439306,29,8.559867793891886,9.9231844229985,88.11278473925637,1.0043900206624852,39.65269894198441,15,25,0.86,Successful
463,65.6961167124378,19,5.22036127398265,3.5961228539010257,48.61421355155912,8.228553418993613,12.732264188265162,6,12,0.63,Needs Improvement
358,80.12384806726352,19,7.027946826759067,4.071782714273967,74.99951214419038,3.5301764398633115,22.696034524577602,15,14,0.74,Successful
4,93.97987726295555,27,8.877942841411272,9.703474031472966,83.90241814744616,0.8378508990090958,30.654513301835227,18,26,0.96,Successful
219,83.60697663987389,24,5.0530634288397716,4.211215841874113,72.1901390218029,4.037404103010452,28.08925797059089,8,17,0.71,Needs Improvement
406,46.78375993749016,16,3.084385015056263,1.8023130713561322,46.06969798042736,8.957720503144817,19.89387268357607,0,7,0.44,Needs Improvement
61,90.83015934534222,23,9.810701283912127,7.6859284165103885,99.12567276666282,1.6604397291339832,29.325689357576735,16,19,0.83,Successful
111,,27,8.657329090739832,7.545640253197434,96.91914091904374,,38.52953035156456,15,23,0.85,Successful
319,82.1491933995746,25,6.064524080770671,5.234794973492781,52.46621191135345,4.8784309073923815,25.403629633027244,12,20,0.8,Successful
429,57.71913501983913,18,5.908027817755774,5.7056040626683675,49.44954022356286,10.428740977115533,22.670946133100827,2,10,,Needs Improvement
30,85.69675619079996,22,9.710921168022015,8.254729108871857,89.2903172367475,0.9065776694960552,32.078499565216795,16,21,0.95,Successful
438,41.27266894620675,13,3.737613276026439,5.189541874259018,40.51561602858486,10.259985477241347,18.584719071177187,5,6,0.46,Needs Improvement
472,62.033317962267745,19,2.273834877334312,3.7843922158604792,49.62398211083621,11.362255680139164,9.063602317730677,,10,0.53,Needs Improvement
27,87.99510673237539,28,8.232145281013832,9.849399739875771,91.71608049811077,,29.446802629327344,18,25,0.89,Successful
8,97.99264218662402,20,9.671960241024411,9.670791351672749,77.5445618155101,1.2645285758390608,36.46690207018826,17,20,1,Successful
454,60.83786281759856,19,2.9902390811195456,1.8068140052769186,31.993899773288163,8.613687763776081,15.974822587808838,2,10,0.53,Successful
109,88.43197248237433,29,8.89689104395664,7.41648151794823,89.24724212178292,0.548110441374412,,16,24,0.83,Successful
38,86.46508171009576,23,8.797009468794746,7.451250673310584,77.87092061848008,1.8922309242672655,38.63173297883424,14,19,0.83,Successful
158,96.42429422993077,25,9.924345096949084,8.131852489313868,96.7474090515532,1.6382046353483994,29.929118752579697,17,23,0.92,Successful
490,,15,2.2560253864344837,2.031260569180763,41.48396293309163,9.217955788957404,16.293183415248212,1,7,0.47,Needs Improvement
119,98.38838497734966,21,9.09905776464747,7.506805189216494,78.74793568371935,1.2010337208673068,34.61028844730967,15,21,1,Successful
115,94.50105634765634,26,9.579236285589108,9.002673215563082,96.16130729336295,0.27377126013761455,39.46781797875704,18,26,1,Successful
176,84.3951183948239,18,6.699726086514255,5.111608388995471,74.6113252234692,3.1983346268885744,29.336525157242555,15,14,0.78,Successful
374,74.39180629704316,18,5.96017949756295,5.80678727692673,70.26260622641267,1.022663258118269,21.91426565207875,10,13,0.72,Successful
182,85.61285117242085,25,7.022911419227145,7.260473537921472,72.19190996256621,3.584384700020252,22.524856212764135,11,22,0.88,Successful
145,89.27260741566201,21,9.11680849947161,8.387604148399443,78.81347607285653,1.1901558614005097,38.04415994036407,14,20,0.95,Successful
370,35.1889460190768,21,7.244575717936993,5.1297235947460464,92.32404046214413,1.176647744711325,29.729995534252037,8,16,0.76,Successful
391,77.51113272826854,21,5.4547081147630205,4.664137253664782,71.52716374194783,1.0243549929593563,33.260469435525266,15,15,0.71,Successful
196,80.32360437164014,16,6.438063320413555,7.367881485986835,74.68875338664458,4.280050516477424,31.964343857924085,11,13,0.81,Successful
405,69.19234488916999,11,3.251629576854593,1.7974613127067913,51.70330987064736,5.381715242328216,18.364856227594473,6,5,0.45,Needs Improvement
276,74.97614865342777,21,7.593981176421253,4.028116815254476,66.7755442048798,2.9115137920889698,18.610957473666407,10,15,0.71,Successful
455,61.8694318496745,10,2.250105182971383,1.4177716875534487,52.99545148597754,9.86072362050864,12.565556846711925,0,5,0.5,Needs Improvement
142,88.77673443738047,22,8.75251917106183,8.453568955573065,92.4162705969223,0.42988075718151353,38.206980749130906,15,18,0.82,Successful
366,81.2627911947929,,6.632049737548255,6.2319229551305595,58.33466218345203,1.802604069615045,23.7347823972894,9,16,0.8,Successful
68,97.0329547113106,30,,9.316955175206918,89.3618278294978,0.17101706170893616,39.85266867683238,16,28,,Successful
211,75.96518041223845,25,7.330170891415078,5.550694379001577,76.39465741855086,1.3104585789257635,32.004227531719806,12,19,0.76,Successful
169,85.61162712332145,23,9.9859295922386,7.260760864262271,97.99639041031901,0.3702658576772393,34.479824556590266,20,18,0.78,Successful
494,65.95887276726737,12,2.087653315100036,3.5390253197938955,38.15838118255346,4.405859118179597,21.980480590151025,6,6,0.5,Needs Improvement
376,81.22686646985983,18,5.807993894906075,4.373631887901182,63.51791056949402,,25.065917173660395,14,11,0.61,Needs Improvement
401,40.000349042660986,16,3.00357218276441,4.822203640377522,48.85279369843761,4.718339265644792,22.23524035609256,7,6,0.38,Needs Improvement
273,67.38153769886566,20,5.798057834016142,7.615653321041499,75.183827285023,4.882968614708993,29.011123908069663,12,13,0.65,Needs Improvement
110,86.1546986474319,22,8.58642154339613,8.922624234409644,94.06146714351726,1.1083560050315868,29.09784204877306,19,20,0.91,Successful
249,79.9430891313966,19,6.062708721334324,6.98887835096815,,1.913946987019083,20.203211070322514,,14,0.74,Needs Improvement
146,85.55330421031799,26,8.848444018493952,9.24241281440127,89.40720900417033,0.1028516269685007,36.369657540031405,18,25,,Needs Improvement
93,96.41177572925346,28,9.509085748169365,9.587091126240235,90.6059498978498,0.8504270089384669,32.20150311000076,18,28,1,Successful
153,87.17342308136834,29,8.237635832536144,7.321516034019329,77.83095114601888,1.4563775124072067,28.35096739641471,19,23,0.79,Successful
368,88.1418707720178,16,5.663190114361186,4.376607640502792,58.53686905288693,1.359248617131096,27.159821153673523,10,12,0.75,Successful
468,54.88776258647084,10,4.467134431410164,2.1710168546316706,52.49933395356213,6.503074245226096,10.204542629812,0,5,0.5,Needs Improvement
84,85.95337525429035,24,9.981010284001346,8.7697530605639,86.56699464174017,0.8722530582706334,39.31278128962151,18,23,0.96,Successful
246,90.18531233594334,15,7.37628090128163,4.713009867618567,45.91215616994745,1.4210367407880495,32.883690851394476,15,11,0.73,Successful
166,97.52953743383857,26,8.086319823901153,9.037306957433469,83.3374792922786,0.2736372618379228,35.58176232420002,,26,1,Successful
164,93.03662026112139,24,8.024308949379632,9.671581842219684,95.07133621495029,0.1831641466532683,35.40312302050891,14,22,0.92,Successful
200,80.6326165053487,25,7.6947848818781175,5.541503532189447,60.1052150558331,1.3375695221781694,25.87393618477281,12,19,0.76,Successful
229,67.03816223881067,24,5.892065144710517,7.927876761784582,72.1788420549432,3.582962040382449,27.60473408047931,13,19,0.79,Successful
75,95.60286015771426,22,9.393474330728301,7.402045685351922,95.36436800578456,1.6348871234768818,29.072932027747115,18,21,0.95,Successful
479,53.1298398444461,15,5.581384356612677,3.5005637603831348,38.128280949490964,10.23972653709726,9.406526205509229,7,7,0.47,Needs Improvement
359,,18,6.48814351603966,4.505015131170454,75.31773837835172,3.5778811084841347,34.68810650549162,14,11,0.61,Needs Improvement
251,81.37523347080271,16,6.444904539604587,7.801251011722367,76.96542164540742,3.1276508260970535,34.04769919117456,10,12,0.75,Needs Improvement
120,93.09013362873476,29,8.883061002746754,7.835771017095876,80.73128488081603,1.330073349092511,29.04384111893692,16,28,0.97,Successful
311,70.617529424317,25,5.106712601106645,7.150852062110834,72.1269724727848,2.833865698277031,21.736690929994232,8,,0.64,Successful
300,82.6346398528051,24,6.351858970189274,5.3836817900067775,65.93949561704177,4.170085567851677,30.515407226032956,8,19,0.79,Successful
256,76.64532017550621,24,5.401411208838466,6.801007837778084,61.69278162279476,2.656600897312907,19.781737104958726,12,16,0.67,Needs Improvement
355,79.4296309177937,17,5.491051404395904,6.179391036338062,66.11022465054074,1.12219782837352,33.23327690050775,8,12,0.71,Successful
400,71.15174146994995,20,7.644352339025064,6.930540938803331,67.88964556581105,3.8404402256868266,26.47001200848764,8,16,0.8,Successful
226,73.30786563387773,20,,4.595998944596974,75.31211979220173,3.103250395493295,33.82508532503374,9,15,0.75,Needs Improvement
354,81.67428792477268,21,6.165958395889541,7.488542800089906,67.72602323813125,4.717029592028917,28.535487714362517,15,15,0.71,Successful
235,69.35483341445634,20,5.533299163553744,6.94202242595015,69.65847229074974,2.5156411122352575,24.414332243907502,12,14,0.7,Successful
383,79.91213687463554,16,6.465182390194819,5.105766762333584,57.745197625735074,2.1213378431660836,33.78722487925301,9,12,0.75,Successful
275,72.80370141741118,17,5.381599288062349,7.120852253720409,68.64033491760588,4.920435969655068,30.8183915937825,8,11,0.65,Successful
37,89.56920653760056,27,8.867703298475947,9.961828387944834,81.060243310377,1.7235712420270346,35.51069651724411,16,24,0.89,Successful
197,72.47089715843285,18,5.941183073582288,5.881276216407143,56.29258843051044,3.7795294947038367,27.429174916596626,10,14,0.78,Needs Improvement
140,99.57673124081441,20,9.972002127645741,7.628047970010131,98.30295706209031,1.873659478649516,37.56911225928314,18,19,0.95,Successful
365,67.72774079414374,18,5.775294860875454,7.002918027997389,,4.962184131080534,34.1057192429696,11,12,0.67,Successful
245,79.70145945225198,22,7.172952409029984,5.984665536452878,62.24919028278353,3.2387537793517596,22.321933523727825,11,16,0.73,Successful
440,58.04661637899472,16,2.036216646321484,4.741779268328699,32.06141033171883,11.978654676619408,15.905161797949269,4,7,0.44,Needs Improvement
287,76.21943934578508,17,7.8284934242397854,5.102879412382209,58.51485341070561,1.9401488592153004,18.731118181737973,13,12,0.71,Successful
60,89.87995496144896,24,9.922381127647828,8.81852390335264,95.76548519469323,1.7113929362125715,30.86532574921963,18,22,0.92,Successful
112,87.41831930881007,27,9.345036912154077,8.03700184997159,83.55204371789769,1.6594836074144033,31.18720051106447,17,23,0.85,Successful
90,92.08322387742923,24,9.716825503686024,9.35095903822343,84.59728053433028,0.9748623964990273,30.645834508842103,19,23,0.96,Successful
437,68.56665357092784,10,3.034846568621764,4.384703914984186,36.603339777142594,9.733655208439618,23.255219718445844,5,6,0.6,Needs Improvement
7,85.87125418252299,27,9.925296829355851,9.851234452229676,80.93066979339986,1.161176700556087,28.473121736422073,17,23,0.85,Successful
361,89.83342343396572,22,7.977246201468411,4.646479245143485,63.88555865047552,2.333629288636442,33.409156386545426,11,19,0.86,Successful
347,84.21298411309478,24,5.469915310921425,7.147880539670665,64.08925324042127,2.247596320017122,27.02253503987621,9,18,0.75,Needs Improvement
339,71.3826631182108,18,5.966646510333885,4.563838510087077,58.06876837479413,4.2263573693051075,33.935433448793454,14,12,0.67,Needs Improvement
159,88.56456315988599,25,8.749741159047408,7.060213593333179,87.9709514281518,1.5988317579379585,37.81560428942875,19,22,0.88,Successful
151,98.6239882894998,25,8.937321283988252,8.535032326346998,98.1392128226694,0.2131965062675436,38.570449110387145,20,23,0.92,Successful
178,66.81040680365854,21,6.503458997546029,7.5192659437677545,73.95779817148254,2.6169589185768367,32.677813036569034,10,15,0.71,Successful
394,86.17918403431435,16,7.631415324534212,7.588745363858475,76.14793181864692,3.726994576360645,34.91468327852658,12,14,0.88,Successful
185,89.43665965786964,25,5.4238341478265175,5.501039617770665,64.56076949479662,3.3947696092763895,32.317922687847116,8,18,0.72,Successful
450,60.9162814572891,18,2.054982216045381,1.0099606760953512,30.159404270050377,8.889078049434477,14.555159072726667,8,9,0.5,Needs Improvement
11,85.30876741443704,28,8.346588640141691,7.832143548943398,79.01703433148889,0.35607193373950285,34.81534276663155,17,23,0.82,Successful
381,74.51049260581995,23,5.2756126631301345,5.426683896567059,76.46775668284543,2.596400752294892,34.35927345079233,15,17,0.74,Successful
104,92.62856036747054,22,8.63862727518083,7.7204368563345795,78.79187199331878,0.5446146530387379,37.78999749988741,14,18,0.82,Needs Improvement
82,94.34947190241337,20,9.501229503281717,7.043633997003646,85.97837271425546,0.8188233043824809,39.89402351364372,16,19,0.95,Successful
39,,30,9.231700196104432,8.782392146056406,90.26550106104082,0.7466186325595059,35.39035825818765,19,26,0.87,Successful
315,79.61676751106472,18,7.974765226610822,4.579860289519268,51.940606805453946,1.230964207476695,19.298544064854752,8,13,0.72,Successful
168,87.79777765599782,25,9.055402218172599,8.495326596787171,88.43489007344807,0.8920115459159115,35.608068437195335,19,21,0.84,Successful
470,44.89106010794773,20,4.951669573416101,5.799314013567276,52.76145963491762,8.371666891989836,14.040435724056092,3,11,0.55,Needs Improvement
297,73.91830132600003,18,6.350373297259279,4.1860023457602615,60.21217530048694,3.938311692485653,30.059510440485646,11,11,0.61,Needs Improvement
475,65.16991983154033,12,4.337795639029704,3.7045250191904042,48.97173972985162,4.904723087128751,10.497672700924102,0,6,0.5,Needs Improvement
199,88.68376156577597,18,5.417594073852589,4.498856227645562,79.2037216992852,2.795412286698833,26.946733825749448,10,12,0.67,Successful
298,78.3377981324924,24,5.680894083096092,6.478797760797663,79.67085075050522,2.2019575424017295,34.130381249129215,8,17,0.71,Successful
417,52.67887591040827,20,4.804558377669895,3.5750282985486157,43.989292684205104,3.303087634870176,17.91424367271066,8,11,0.55,Needs Improvement
147,94.14346500969845,25,9.812708770189472,7.110049608671794,90.16787615957139,0.9927324944024727,36.161689261123605,15,,0.96,Successful
393,88.78696399164977,18,6.73151834986265,5.452402946536042,51.21676212634044,4.47577700911658,20.328984071912412,14,13,0.72,Successful
148,92.54018534843293,22,8.222394964612302,7.757310833032062,85.60326678255964,1.1936856978337784,35.42333653858221,19,19,0.86,Successful
448,67.98774587709016,11,5.509880186617927,1.5877565007510999,49.850528651995695,8.095626221025638,23.945408934376204,6,6,0.55,Needs Improvement
288,81.73476003648403,24,7.426650384908984,5.102449354715782,74.73604424261097,4.322754042080307,29.33673322936567,8,17,0.71,Successful
124,86.65077886791515,28,8.285983364105672,8.382336304098178,92.3487111116775,0.7662770564989949,36.681041364263024,14,24,0.86,Successful
369,,22,7.9351918364017875,5.374652770436413,74.54620006244743,1.0092701916192555,19.03069174312996,12,17,0.77,Successful
97,92.8409924407299,24,9.652914932215483,8.476348879238614,83.37264036642715,1.2669564396522945,,17,23,0.96,Successful
144,89.51317464725155,21,9.554293831854874,8.106740918709317,92.68096585783496,0.5245280885996502,36.500355720580416,18,18,0.86,Successful
240,83.38375746664381,22,5.697936615688043,7.066354095886574,75.99159542754026,1.4050396584606357,27.598693866953475,14,16,0.73,Successful
443,62.77015847565793,12,4.550752987583742,,51.68213256716414,6.700723661951274,13.699743851331029,5,5,0.42,Needs Improvement
98,91.41311527537825,22,8.640099202061224,7.774733164896875,78.48180181658468,0.5157753708664046,39.93889387175722,15,19,0.86,Successful
408,49.118275367650824,12,5.4643825344467665,1.928233524506215,54.64165088702083,10.002227188301879,21.647785892016508,7,6,0.5,Needs Improvement
123,89.77005212457796,20,8.234134032855211,7.361907613301803,91.02869082213243,0.8375410497841462,31.117045405123914,20,18,0.9,Successful
184,73.05236755548339,21,7.164266201986195,6.75153643951966,79.6524796823623,4.552156257440471,27.915377371753966,12,16,0.76,Successful
203,77.10996118935101,24,7.858392582803883,4.868836390764843,53.32245335956874,4.232090519626212,22.92949202204135,10,19,0.79,Successful
247,74.88787924622538,24,6.214395287255599,6.743645084199455,77.10823533040386,1.6694389325545118,21.10772302316731,9,17,0.71,Successful
306,89.66732450892904,18,5.114065544712365,6.193282334905697,67.20048036905654,4.627771235339336,18.708165912505603,14,13,0.72,Successful
299,84.54475824612574,20,7.6681727483865325,6.247971389867227,68.78528514779414,2.3032924702577993,18.53417096569164,9,17,0.85,Successful
352,88.52188390845163,18,6.127978669823934,5.989023721258753,63.424044239673734,3.936119050357225,21.48468056195588,12,15,0.83,Successful
387,79.67654269252877,15,7.274555033229612,7.587831721694137,78.62099382755122,3.1965213451086907,25.79616503973528,8,12,0.8,Successful
396,85.34415720798967,20,5.482544521873239,6.028204415461764,69.95876305934166,4.368297749594317,,14,16,0.8,Needs Improvement
285,76.05060934457144,19,5.306448588972614,4.178379633491846,51.383706930072016,3.0297854644789686,27.845979341370274,10,14,0.74,Successful
126,91.40661682939384,25,,8.092809583144227,81.29497647267382,0.09393193355011009,28.972554590891775,19,21,0.84,Successful
303,78.95350623984658,22,7.9648258130003935,4.3456984430501855,62.87547780189071,1.591936589463339,22.53347834325362,12,,0.64,Needs Improvement
224,65.52152848228845,20,5.575347366775581,5.288432016916742,72.14207370015552,1.1096812398906306,33.98762459751494,11,13,0.65,Successful
419,49.75885402069093,15,3.6326067634667925,2.784429875855551,41.63478269750794,5.190570148966774,14.03371923490917,1,7,0.47,Needs Improvement
220,86.79581947432803,22,6.807659491528595,5.9463906489750125,55.7378125374376,1.3954944705625416,33.22735434074494,10,16,,Needs Improvement
130,92.66120953866348,29,8.145526012728387,9.398231196727128,89.58479486915301,1.2063042189327764,38.21448296858522,17,27,0.93,Successful
421,64.50338399516909,14,4.3317042272170525,5.142777989530407,57.05322085638686,3.3508138859501737,8.539644011340807,6,8,0.57,Needs Improvement
290,76.23584588034345,21,5.838103141804149,7.899338611124447,56.79054483024458,1.6609682017704128,31.294260693860444,12,17,0.81,Successful
445,55.41563392620303,17,4.8562108935125075,1.8962662786964037,51.26296965687463,3.2018330024584962,24.5808332691442,5,8,0.47,Needs Improvement
377,,15,6.618668661486515,5.764288633003135,77.88280083419342,4.236732684556124,23.13258390131753,12,12,0.8,Successful
292,88.71458387128584,15,5.759175298402353,5.715547515444154,67.96424889150474,4.998855216623657,19.69773595931503,12,11,0.73,Successful
356,73.71434168104926,22,5.821373922542319,7.033700071476444,75.62407992951513,4.488193353788031,32.40230546357089,15,17,0.77,Successful
295,74.4839647480606,22,6.486356310382945,4.625527217613792,76.31785288478538,1.8292360127502318,33.488167947045525,10,16,0.73,Successful
397,67.72295854616829,17,6.674126975446901,6.392450517476072,74.0106463707022,1.9689248712982677,29.204933995981953,13,12,0.71,Successful
341,89.46578218501327,20,6.423008329718641,4.86436181274123,76.74440046870521,4.984491798557764,26.047814985413513,15,15,0.75,Successful
113,98.9454647851386,21,9.50474905887536,9.690365229718036,95.53143261680032,0.4128425435212064,29.55417905539365,20,19,0.9,Successful
180,87.06333715,16,6.619197856279829,5.243715720030217,75.70621808225283,3.999403057745865,22.97275654820261,13,13,0.81,Needs Improvement
308,70.77827281069116,23,6.977106602611043,7.528542457128241,57.569217495182194,3.3720580014423907,30.959253544372956,10,16,0.7,Successful
433,61.27962485417829,20,2.370501932205469,3.766855948748859,43.004166982669034,3.6053032257063107,12.87083233176109,3,9,0.45,Successful
488,65.87921413447538,20,4.597289298307526,1.7142098240716592,32.309150081426225,4.506213290131029,18.6079742539927,8,12,0.6,Successful
482,64.51384426046755,20,3.8173816922706205,4.157094606091881,37.245018839785004,3.4801319729000793,17.57794219622552,7,12,0.6,Needs Improvement
423,51.128230244732954,14,3.8010169845715613,2.5389791584037282,,5.907246111786845,9.437611427653044,8,6,0.43,Needs Improvement
234,86.01131015692334,19,5.796162227564584,4.489507029300712,55.013960344136635,3.0689575268573277,25.1805368771332,11,15,0.79,Successful
312,69.50026093681808,20,6.525737868342736,6.497701785886912,65.75719272560481,1.1519262531594139,20.235810537578423,12,14,0.7,Successful
165,86.35434655081612,24,9.939757653415278,8.780777360662146,75.11580057511507,1.8346271509244856,39.774234136329085,14,21,0.88,Successful
137,92.7818593261505,28,8.741284294133782,9.418603839379184,90.2863558858662,1.1328092805937944,34.788783567949494,20,27,0.96,Successful
198,88.38004538248649,19,6.819112833300126,6.008200853953788,61.370813786572924,3.1299707977485864,28.830544230375384,12,16,0.84,Successful
259,84.40000517588574,17,6.746444689339917,6.7906825100803,61.448358196016,1.5882474022663535,32.71894280878004,12,13,0.76,Successful
233,70.08945700855607,20,7.348088122232448,5.493850384576694,70.4500844720486,2.3590753086044716,34.03072488587272,9,14,0.7,Successful
116,98.07190885281577,21,8.18241220609738,7.5169596136048895,78.18721655829955,1.8000372836962102,38.345531407185405,17,18,0.86,Successful
121,97.11160232746094,20,9.775408365516599,,93.05631420982665,0.3507425572468992,32.90143855684838,17,19,0.95,Successful
350,87.9669449248376,15,6.795594727053097,7.912247271894114,68.67559087189235,4.886132169562355,27.541990230122845,9,12,0.8,Successful
225,81.33157548093325,21,5.635266051996435,6.545962604196616,74.18587643011372,2.571896901381165,19.40616284591401,15,,0.81,Successful
403,55.675305432567654,16,4.826519479514838,4.27586857262169,37.59817150568145,4.968440516981346,8.325462755946223,9,10,0.62,Needs Improvement
398,46.19904806966306,,7.43525665059713,4.133534407145525,91.82864526754872,2.913039536780894,19.851186337677664,12,14,0.7,Successful
128,97.91095874884515,29,8.168213612229994,9.071184485888097,79.53994292003564,1.4760672328527409,36.19910516391515,,29,1,Successful
286,73.2722340747293,16,6.97607643862233,4.145150490454009,67.01512339758156,3.7095492860748673,19.450802720233522,9,10,0.62,Needs Improvement
412,69.00536499397856,10,5.778945035132319,4.425671549372421,53.7467460777411,9.29053945638647,14.832082398142411,1,6,0.6,Successful
108,96.33326707814572,25,9.263674424339598,7.455708080536883,75.83831086839449,1.1530329510285071,35.11527921810044,20,23,0.92,Successful
371,86.94727897603319,15,6.67343967653321,5.562913462454453,76.3958803208348,2.3671296189470468,29.731641490043337,10,,0.73,Needs Improvement
326,73.56633720302288,20,6.543972759720535,4.355360980350257,78.44324960514327,2.965672710114227,27.657572709743743,15,13,0.65,Successful
134,90.06422757105442,27,8.169675428170384,9.76261720159544,78.83378507790201,0.7113454329298983,37.89617159110179,19,24,0.89,Successful
453,67.62983563289728,19,3.0832253121478903,3.574666749566297,46.45257488980688,9.879180477927846,11.89921820964043,9,11,0.58,Needs Improvement
45,88.88169972400026,23,9.712979682376645,8.244458507012995,,1.431944457694795,34.347245608326546,20,21,0.91,Successful
461,50.06831362809528,14,5.805962840707149,1.5267274224066658,34.20973554580545,10.779899221815278,24.451944909582554,9,6,0.43,Needs Improvement
66,93.14044124737373,20,8.188885921511856,9.014719586778398,76.66240668416944,1.7926716370422395,28.50511827563634,17,20,1,Successful
284,87.09274174151881,21,5.3994350125342905,5.130982758315048,57.899473512596,1.708683701087462,25.958620402117518,14,16,0.76,Successful
86,89.8777498304012,23,8.744036171585567,8.312424766071187,93.69023450440628,1.8969066139243134,35.29284153854631,,21,0.91,Successful
243,78.58251308408221,24,6.967171017684969,4.693920297063829,52.055162198809384,4.366893446978704,29.48941168989372,15,18,0.75,Successful
187,82.32984852056703,19,7.45620501222281,6.0966366829046486,71.75556644082172,1.555485305586068,21.727657352705886,10,14,0.74,Successful
384,,25,5.452028323129632,5.249396407542054,,3.7496254565449503,30.934523856746424,11,19,0.76,Successful
160,95.9232452291779,30,8.571424172563722,7.966237496749535,89.78188589362323,1.3893929417088535,37.985610135492905,14,27,0.9,Successful
13,97.48663961200633,26,8.50048579632919,8.391095214819947,82.12737921734617,0.2973254555062259,28.407351743029587,14,,0.92,Successful
36,97.12596022174692,20,8.34640373982003,9.431659992345498,87.69025946711137,0.36385626099054225,31.825030035184838,18,20,1,Successful
29,93.88621853293064,22,8.08145760463794,8.84024558780737,88.91907232534824,1.5510552333900212,36.35546531053768,17,20,0.91,Successful
171,95.16346542763424,26,9.107708568802641,8.760523354062638,83.67383004740569,,29.283767665923502,19,24,0.92,Successful
143,92.45872758838578,26,8.167001433397338,8.854764314590888,98.0624845294324,0.062366270122569345,38.40753041151763,16,24,0.92,Successful
399,78.16559493172399,25,7.2251361845387905,5.4547724990245605,52.768543762197716,1.5807860515386412,28.821156994807026,,17,0.68,Needs Improvement
343,65.43789977155156,18,6.45804650893262,7.447947633617089,51.19297894965709,1.012671394322807,29.417918786282506,12,12,0.67,Successful
222,66.09154144268403,18,6.159382523477442,6.408582576209924,63.065163631944785,1.0492388120643024,25.938455999381382,8,12,0.67,Needs Improvement
96,92.40693394546587,20,9.010504744895714,9.779762875484483,90.69270132678545,1.0832684293217338,38.605430619561105,14,18,0.9,Successful
52,96.62699235041671,21,9.880460482849916,8.666295116807882,81.3660163690941,0.2082171639691477,33.758507443646906,14,19,0.9,Successful
241,84.1930972016695,,5.662407889356917,6.93446332016925,56.465896063739955,4.38855795877514,33.812906412453216,10,20,0.83,Successful
485,41.550061649738836,20,4.8218433211339455,4.028189446617057,57.23515541650602,9.097784524953163,17.871884437422842,6,9,0.45,Needs Improvement
379,80.24579513746737,16,5.323831143939393,4.7468931830921655,61.696170588246325,3.8001370910884176,24.022552002297793,9,12,0.75,Successful
179,78.35605514941113,20,6.191536332287633,6.630241251112093,79.03267631310166,2.2843243883482005,24.822202411735105,9,14,0.7,Successful
42,92.42765365166905,23,8.749225229252943,9.526356769407126,78.85906788185505,0.8174683421961928,38.44118648681116,16,23,1,Successful
499,60.18108982626694,12,5.70844251543371,3.3712751048847682,39.73535400526026,7.096547925602907,17.762888776533586,6,6,0.5,Needs Improvement
422,45.448419032698084,18,3.012406156718435,4.946464241598428,36.10418227492787,9.001626521750921,15.196697450604358,3,,0.56,Needs Improvement
207,84.59581383547155,15,6.434702069144217,4.713490337229319,69.55003756119278,1.26953821914209,30.251137469812925,9,,0.67,Needs Improvement
283,70.86685095653878,17,7.868666571946845,4.053610505728662,52.050228065967815,,29.597295970652375,8,11,0.65,Successful
255,74.59617879669491,21,,4.661176443880699,55.07243211067978,4.702549320101343,34.990926219665724,8,13,0.62,Successful
413,46.728804498551355,10,4.94614091333917,1.5521593170555135,,6.315124924149162,10.612747728351478,8,5,0.5,Needs Improvement
5,87.34027960663654,26,8.156912762684533,7.136339141024374,99.6628812198245,1.8296918021362,39.85201609595976,18,22,0.85,Successful
257,85.89995159453024,23,6.255741864871806,6.343240583887608,61.38508710124156,2.5817370719716575,26.475703591597053,10,20,0.87,Successful
449,64.82518959619664,19,4.954892602906265,1.8264224507147873,44.51968104539242,5.8150019028931865,9.446759264036352,7,11,0.58,Needs Improvement
101,85.47143778530102,24,8.021675302960597,8.477854281978608,88.33652729940803,1.9688043614071042,37.09886170844909,16,20,0.83,Successful
227,78.56196589298419,15,7.262760633031589,6.7816625933122126,57.61924623716074,3.046725546326047,32.05414921882731,13,11,0.73,Needs Improvement
430,59.83042762741961,12,2.407572403491747,5.3815971657115576,32.22316267724601,10.60384212979706,23.06358840032454,8,6,0.5,Needs Improvement
214,81.25735464683635,21,7.809347521650982,6.040438849995301,53.38829625233521,3.361142171812639,24.84159283637237,13,16,0.76,Successful
172,85.24881743391784,27,9.938605071238198,9.23631842255299,93.43753120274371,1.4644497728191224,37.132334830024334,17,26,0.96,Successful
99,85.38128690116143,20,9.791046456992401,8.377407268714784,94.85062973175741,0.27871214814564826,30.086742990633848,20,17,0.85,Successful
293,71.31319455188549,25,7.343511271360757,7.379157745144086,51.93473813747502,1.6020859666536542,29.696755545212234,11,18,0.72,Successful
216,80.39355054855608,22,5.833257871247783,4.416549431681149,71.57232342061567,2.5369584805495253,21.21367192036804,11,14,0.64,Successful
62,89.07023547660845,27,8.391582269578592,9.01510205321757,78.10743058713862,0.7943670592369096,32.25546589168932,17,24,0.89,Successful
48,92.80102031766717,22,8.14113749480086,9.594167128765159,76.58437426181919,0.4439443238658989,39.97520932640005,19,22,1,Successful
33,85.9757738947792,27,8.195668321302003,7.135656010318568,79.67609371393809,0.801526121750652,31.783484053967324,18,21,0.78,Successful
268,67.4348348138388,16,5.127899627861098,5.740721597021427,53.82361878268607,3.18152448487321,25.068557511686652,9,12,0.75,Successful
328,68.14353779516622,17,7.347454773691814,6.180422113042798,73.66406791716079,3.250846796089357,27.322494615326118,12,13,0.76,Successful
201,84.58556814854037,17,7.487997215423851,6.573460719647137,58.89469343849946,2.5974749935787638,21.98910851018944,9,14,0.82,Successful
447,51.07842310646623,17,2.7970813458672033,2.147990803769843,36.53002198741608,10.053644259677128,22.4933061611815,7,7,0.41,Needs Improvement
28,92.71351657620417,28,8.092005284043505,9.17715852516508,98.23439972818964,0.13141727885670473,28.92343841955051,17,27,0.96,Successful
425,64.20080559084218,17,3.596141270569739,5.76407508501253,41.68214816936626,10.993063700406323,22.976541095874175,0,10,0.59,Needs Improvement
231,70.51402812305808,21,5.511994275649995,7.300522670664461,59.447587658389025,4.047627280529662,27.720755781321614,8,16,0.76,Successful
261,80.04638459155021,24,5.569084544524031,7.130327759405352,62.38283387798078,1.5201911300445548,19.886617917947518,9,18,0.75,Needs Improvement
289,68.6439142061188,20,5.229250578314154,7.148506410406416,52.227226189651596,3.179310630180747,31.996260306952202,9,13,0.65,Successful
163,94.50294566141342,27,9.926445078881223,7.359286395457754,83.37993104114753,0.7219477938800536,31.444457598098953,16,25,0.93,Successful
426,69.54575208287427,20,5.359206426657707,2.633712710150204,46.2528289280269,5.92761556525573,23.00955188081828,0,12,0.6,Needs Improvement
139,90.4544440356894,23,9.894497154767718,7.553563058069132,96.80309772360378,1.3273423307252963,38.54355983626189,19,21,0.91,Successful
63,97.43106263727894,27,8.138722601750331,8.854384721373687,93.27168688009111,1.3361702731412923,31.446867899848982,15,24,0.89,Successful
136,89.84804398031133,26,8.748541591512241,7.830632944441611,87.64721697211165,0.59424343124635,36.13619383070876,17,23,0.88,Successful
129,85.10428195796786,26,9.40193826291824,7.117936419523296,97.71126403334071,0.16559733585025294,28.913570313883604,19,21,0.81,Successful
477,61.11099338887153,17,3.075414057528774,4.510730480909148,44.21763660348308,11.830061170811422,22.699201671588384,7,10,0.59,Needs Improvement
9,94.01672517614813,30,9.391948412187396,8.366970258357139,78.8214784796083,0.026188913176667272,39.10297980898799,17,28,0.93,Successful
327,78.30612472065748,24,7.696702472018706,6.7350164223081705,63.357383368543644,3.089776581621858,29.27112488441019,10,18,0.75,Successful
464,61.035095847707794,13,5.29193522016707,4.038763415478263,52.26759561597262,11.916112413591893,21.570984352556174,5,7,0.54,Needs Improvement
65,89.21401764531072,22,8.036443651303099,7.340672776598887,79.5308266541415,0.5862954605220265,30.80329301259892,19,20,0.91,Successful
301,76.15921616281464,21,,5.260758084389436,75.14456550655774,2.8457820475492506,23.61412724871889,9,15,0.71,Successful
15,87.72737450810651,22,9.429191845400124,8.750968335552617,97.41913561566062,0.17069933615728772,31.56818808847061,19,18,0.82,Successful
157,95.08203321108817,29,9.16673753019432,7.8077296928481426,98.02104706543432,0.4928040664782136,36.92209907549929,14,27,0.93,Successful
41,86.83057352267168,27,8.090608019544089,9.90974319344381,89.53095553556531,1.2879990864780315,28.292809378678456,20,25,0.93,Successful
380,79.08597318371147,16,7.05589404834762,4.376144417737065,71.89580926545435,1.4176165189923258,34.13421033735234,12,12,0.75,Successful
469,51.41553129609684,16,4.971525974671756,2.0977696161490096,57.24685466100969,,12.359872037285022,3,8,0.5,Needs Improvement
404,41.63903260002917,12,4.440029668317942,2.3011829899261467,30.29936329975348,8.357729393347402,21.244743968728375,6,5,0.42,Needs Improvement
217,73.22543594536656,15,7.554345912653796,4.901755021854775,62.60356183543175,2.8004934447277288,31.311282834384457,14,11,0.73,Needs Improvement
280,79.96784950250269,23,6.842243933554208,5.595344118814918,63.49526623917678,4.354196859611313,30.53064135734487,13,17,0.74,Successful
435,63.41895152276672,16,5.658194655394236,1.9693153396844634,46.77177854839806,11.990033508299616,24.953044298361245,7,8,0.5,Needs Improvement
431,,15,2.033279768908768,,41.26406785399501,5.241078624981809,11.343110944200298,9,6,0.4,Needs Improvement
338,89.08367082050998,21,7.687443792115646,5.714522187881903,79.51520938566313,3.3656270376899524,30.07230234056712,14,17,0.81,Successful
237,75.39768415367352,24,6.854155022861558,5.4856880074921825,52.18012614830049,2.5434980115804637,29.477381039544355,15,17,0.71,Successful
208,77.02259578622463,18,6.5183226645402526,4.116285521375815,59.42182384978196,2.5495703426746372,24.82457572552429,9,11,0.61,Needs Improvement
213,79.83196620775448,24,,7.497049882440951,57.33019822359398,4.446969979673181,22.61629980599112,15,17,0.71,Successful
296,80.13845394112207,17,6.159046729544946,7.412358493614602,,4.129553317840349,32.25051111227698,9,14,0.82,Successful
458,64.21212711600108,19,4.426926898869746,5.454277674915733,52.55240977187521,8.57573580032673,10.503684580385546,8,12,0.63,Needs Improvement
252,89.80333290851681,22,5.530661435431563,4.811745470299609,69.52305642676242,1.5431561882557485,22.57245653712156,13,17,0.77,Needs Improvement
489,45.3776683572337,18,5.745122485875706,4.4603682351218445,50.88468435413776,7.503235015940046,12.651887103633118,6,,0.56,Needs Improvement
487,61.5536184196765,13,3.7701820592589823,2.6860328778287603,35.63761142445969,11.475227879922276,10.449339362224393,0,7,0.54,Needs Improvement
304,78.49764598755532,19,6.3298192623308545,4.947137237245542,58.03330026465002,4.410231127606214,30.32256048835529,11,14,,Successful
351,80.0152385636559,22,5.285035096976914,7.175958865472024,64.09231288972052,1.882981953811127,31.207776175562834,11,16,0.73,Successful
270,79.82295999579455,21,5.797553409962941,6.824076030656098,79.18328968676258,3.42750936630772,24.309747451357612,8,16,0.76,Successful
202,80.30644964702896,22,5.952594343630211,7.121599104589098,77.54623998868325,4.640538547128537,23.154299010837782,8,17,0.77,Successful
162,94.48458745890369,20,8.447191677038905,,76.36904097055078,1.1804613337381742,28.076630460602004,19,19,0.95,Successful
44,98.63980603118173,27,9.006272517160175,8.40607947938491,88.31473581378964,0.3123051947323807,38.49642007221039,15,26,0.96,Successful
218,76.75456481741662,24,5.000997518361468,6.811773763914707,77.16079622833611,3.3170654152821073,30.155658220461625,13,16,0.67,Successful
402,,17,,3.0483552668799634,50.65894887923626,9.25176863004355,10.885383285807695,0,10,0.59,Needs Improvement
191,88.78874935888317,17,5.670843303488934,4.044126457049863,69.68402054061742,3.5515083706545356,30.91339428789654,13,12,0.71,Successful
310,81.00007417092284,15,5.316102601858418,7.311473501288692,64.65123886948817,2.41384296218713,22.54329470649112,8,11,0.73,Needs Improvement
260,75.13275457714359,18,7.042924481714733,7.718467691502736,53.86546136000764,2.9514047887696258,26.09145142719815,12,15,0.83,Successful
106,88.73938343723313,28,9.901214293875112,7.386639165731948,81.21222849536164,1.828597613120998,30.685811377871477,18,25,0.89,Successful
54,98.42241025641474,22,8.776339852413043,9.834297189647284,94.00569649724216,0.3570893241086672,38.484125370236065,18,20,0.91,Successful
390,83.98360819807165,18,5.317792137675479,,50.0631152952765,3.791025104293718,26.1826674011063,12,13,0.72,Successful
2,99.26071459614874,28,9.590372389537407,8.88267424025219,91.14793103329004,0.3527739730124466,30.996016106310233,20,28,1,Successful
442,61.43272492213727,16,4.453166739549516,4.052733775077122,43.927155592176746,3.3631574417372976,9.060699166170712,2,9,0.56,Needs Improvement
483,,16,4.520988877824632,3.662520332079909,36.44737911109188,7.092879082973949,21.664683138219075,7,9,0.56,Needs Improvement
50,87.77281683288291,21,8.053022621083244,9.999153019858392,83.05884612436807,1.3437854871974568,37.206259467173524,18,20,0.95,Successful
420,61.378639992955385,10,2.061579566765234,2.76894579368218,54.1061297838781,8.016034526157073,8.883818983621028,6,5,0.5,Successful
81,97.9465513881339,24,8.354879087559446,,95.41498598678943,1.248297815698268,30.004407353104902,19,23,0.96,Successful
206,79.93689656579825,16,5.365285733375824,4.007519534099643,77.03888032323947,4.266892810234179,33.585458741939696,15,10,0.62,Successful
35,99.4844804961184,,8.946943541561131,,85.63591096541042,0.310480491861425,37.488677978067564,20,26,0.96,Successful
264,77.81538013014513,16,7.502910097864302,4.902165319702931,50.54000266835645,2.4992142711271854,18.04898127831545,13,13,0.81,Successful
428,51.79585603083767,11,4.689841992100115,3.528170767109794,31.996941837426686,11.96541906148901,11.590941135039827,5,5,0.45,Needs Improvement
367,84.12977161389462,20,6.908212291189475,6.210054459130901,74.50046526352153,4.978594566239991,30.324679888708893,14,17,0.85,Successful
92,95.69867180834493,22,9.501742135582994,8.86626010068362,97.66180277411368,,37.355013682801044,15,20,0.91,Successful
340,81.54080875927866,22,5.375700711298482,6.656751658021669,62.209157289027914,2.9059335351131708,28.25596069715403,9,16,0.73,Successful
474,40.75580241877688,18,5.68306643385343,3.1447216671507214,47.36420263535821,7.749097195995255,21.7534018849585,0,8,0.44,Needs Improvement
53,99.09248412346284,25,9.150948355751758,9.30696224554153,92.03756805559823,1.5998321707463787,35.53006555862044,16,25,1,Successful
346,86.61522089887592,21,6.8494991806852505,5.16235023922542,57.16569981205783,1.9615295547979352,22.065699222298132,14,17,0.81,Needs Improvement
265,75.32577936619242,19,6.887896418032208,5.507656658945487,62.64332124737742,2.8960257139326235,32.602263652150704,15,13,0.68,Successful
242,77.62112204732544,23,5.521257786986883,5.197774041967547,60.81133459791043,3.1243413795409714,32.35222794089891,12,16,0.7,Successful
14,88.18508666017414,29,9.09845332941224,8.060056684078159,79.33433988236887,0.8292482474540475,36.369043206962075,17,25,0.86,Successful
316,82.20519664666489,15,7.91224987301201,6.90062291020446,78.67473451162257,3.723023571841942,24.5038655007008,13,11,0.73,Needs Improvement
89,98.3081911386449,20,9.861514651207129,8.541968467479432,97.48936433186421,1.7369359517958256,30.118336384066097,17,18,0.9,Successful
388,69.211109628568,25,7.230271358229828,6.080762093006218,71.64180353318865,3.528359318024969,27.5348658771645,8,17,0.68,Successful
274,81.30308113826095,19,5.447713333850528,7.637560768033585,79.45396079781884,4.094155566138255,31.536090124568524,14,16,0.84,Successful
167,89.81170097457604,23,9.782286227396142,9.367513715822014,84.95421733977358,1.9004747076416049,31.117642972769918,14,21,0.91,Needs Improvement
329,68.31786634548193,20,5.68352725262933,7.922067288004424,69.18816683533046,2.764894854621306,32.94733695238854,10,16,0.8,Successful
493,43.951450857372805,13,3.7756778180255113,2.0215819169948515,53.88724351624106,5.477593921066742,13.209878956727945,0,6,0.46,Needs Improvement
135,99.14364555868778,29,9.97327915700235,7.183233879564591,89.65574580041994,1.438091810368491,32.17371049482632,14,25,0.86,Successful
307,68.07427021324067,17,7.238621772445516,4.511952834134346,69.76475210420212,1.5294895161398898,24.760008853064612,9,,0.65,Needs Improvement
481,61.146130301301454,19,5.149548107009331,5.352634831346921,39.414804246732466,8.338423971355214,13.141131691735119,6,11,,Needs Improvement
320,65.43449475463699,19,6.236392790788315,7.7881439509548915,77.32029738305418,4.796448572357762,23.64568921168332,8,13,0.68,Successful
244,77.84989669521812,22,,6.550213057880919,72.89465873776668,3.3208860751401175,20.364969431148488,9,17,,Successful
55,93.96849968216628,28,9.286576436884706,9.548942172032234,89.8909685151961,1.3054922157037494,39.80900163039154,14,28,1,Successful
364,72.21713988826595,19,7.637805979993514,6.2407290334996475,61.903905412589495,4.173576057221391,31.767623185129963,10,14,,Successful
51,99.54376941646838,21,9.171551162546926,9.989910511221716,95.24686114636587,0.03942107550872831,32.82317096331091,17,20,0.95,Successful
457,48.22214768026573,15,4.9309338991446605,1.8287408848261035,53.458799314738776,10.53407665047587,10.847348514599831,3,6,0.4,Needs Improvement
175,94.67759185614175,29,9.391497377969234,7.851327717396173,86.31098790331734,1.384553129035705,32.10246599246423,15,28,0.97,Successful
446,55.26671666773168,13,2.3655659453271056,4.469747952550784,30.250910456305714,6.243841444273375,21.888556423621225,5,7,0.54,Needs Improvement
190,81.75963645886031,25,5.4613734490040935,7.330721877388173,79.39347373563565,1.687393925308378,25.07406427720857,13,21,0.84,Successful
497,48.701365958873104,11,,4.963790567864064,58.17205438350875,4.614204092603169,15.793334210234447,4,5,0.45,Needs Improvement
188,85.53601820024666,23,5.967583933539245,7.392191164523087,59.69033595158642,1.4629504267148215,18.572376029635837,14,17,0.74,Successful
170,,22,8.147593129470797,8.611319625455643,83.65864985914904,1.0838018947567163,37.358144741813724,,20,0.91,Successful
59,85.67840933365807,20,8.772205275601548,9.862153081776167,,1.4445338637113183,36.8509876190667,18,18,0.9,Successful
49,93.2006541901492,28,9.28483855641263,9.438703027390233,99.74900580974864,0.4621495931761428,32.20854178542052,15,28,1,Successful
345,,23,6.562304425502639,6.997134850783105,77.2214049413854,,34.83355119098957,11,20,0.87,Successful
236,89.01951378717442,23,7.074854166707958,4.943430396574748,79.75227851503516,1.0268415612162398,33.917459617475664,11,19,0.83,Successful
253,72.09636321521613,17,6.161236281006893,6.2621998596857615,76.22680172415055,1.3972088110147718,26.081912333451253,12,12,0.71,Successful
22,87.09240790978063,20,8.83920012485558,9.441385059120845,99.23676083188423,1.7961085788814275,31.829205678919067,16,19,0.95,Successful
314,67.58272392810039,21,6.385840810012867,7.918203361527027,76.05654518960867,3.197289917612696,27.781041855276452,8,17,0.81,Successful
460,50.360258567346634,,2.3245967141449566,2.7713566360860784,45.540241992138746,8.621526433030784,20.90797261761405,4,9,0.5,Needs Improvement
161,90.5167469907888,24,9.737198256378921,7.634344020989634,,0.5442902744599254,34.08961280513003,16,23,0.96,Successful
277,86.44965634806765,25,5.730433905214602,4.229121004310493,68.84714331389844,3.1290301245959045,24.710484015362077,11,17,0.68,Successful
444,90.54348098348657,15,2.968088319923509,4.368227087374539,44.869242286724386,4.170726028460523,9.139281141770569,,7,0.47,Needs Improvement
192,68.10549916820149,18,7.871968663683761,6.998181937875553,53.894793468551526,3.963925001098314,21.19332849314216,9,14,0.78,Successful
386,65.3666764261566,23,6.240249347885785,4.7833632503476755,71.55287689456206,2.224549363518373,21.06523490218723,9,15,0.65,Needs Improvement
294,73.98126869790613,21,7.475396587786111,5.0725560803820535,76.31718371486602,4.267027720478112,22.112111020420482,12,13,0.62,Successful
414,59.891415754102674,,5.531975299319092,2.445937231479749,35.50326589210304,6.891116037630126,17.734322958994383,5,7,0.5,Needs Improvement
344,71.10368226055935,19,7.760891543658223,5.840649057953758,68.12215031213657,3.5607932462384952,27.897548916059932,13,14,0.74,Successful
258,70.89480234898025,16,7.371013207580445,6.345916368754828,56.80191148770532,2.252825044280696,24.5470420383425,11,13,0.81,Successful
309,66.29242093103818,22,7.406391674382762,5.573791386254366,56.60675904131945,3.3964823401613007,25.73362112162898,10,16,0.73,Needs Improvement
150,89.17969696354918,29,8.022707289534837,9.685620513061597,98.35917536922537,1.5418244074916438,29.903261263516885,19,26,0.9,Successful
131,91.26116504723169,22,9.643720118580713,8.883701168472722,85.021285419091,0.4906982193626419,33.941758324167694,17,20,0.91,Successful
152,88.59342836000458,29,8.112606551363674,8.596340455795946,86.27098428510331,0.15027556347161752,38.46212233294278,20,24,0.83,Successful
360,86.66096668819114,22,5.038144669960681,6.638517465578969,58.547240645928824,4.279191219938911,26.96350807555936,13,18,0.82,Successful
100,86.61837140489956,23,8.778403357468326,9.94009772585643,90.50181889821283,1.6698604735985982,32.754904226831904,17,20,0.87,Successful
373,86.72251563851427,20,5.161574620994078,5.487730671667459,,1.2761181635513985,26.45431158487253,15,15,0.75,Needs Improvement
88,94.5633620703282,20,8.681607080506035,8.0447664010699,80.80531737867044,0.2802263515329051,30.768037740613103,,17,0.85,Successful
459,45.857218088694765,14,4.691486674392319,2.2076842085084087,54.090062158735115,8.07055815641376,24.54230556450907,8,6,0.43,Needs Improvement
331,91.37734098887809,16,7.002051194139285,5.615911505306193,37.154320671032245,4.67493884242551,27.298375273313596,9,12,0.75,Successful
215,76.98197321440718,21,7.628315577794128,6.893619062449146,52.615384034954936,1.9051164328569272,19.746720291691197,15,15,0.71,Successful
467,68.41272001325558,20,2.8011280714705036,2.955164345636993,56.712285516579854,9.366573000296349,11.95260186753313,1,12,0.6,Needs Improvement
122,98.4413694988524,27,8.701830025104158,7.266107601271167,93.00091341365186,1.8288238918499196,32.47226220414777,19,25,0.93,Successful
500,63.90044191574117,15,2.421572872431221,3.8033914746947497,38.085355868768175,9.009845324428376,19.342609732301078,0,8,0.53,Needs Improvement
21,94.1777934208357,21,9.223441492468705,7.928582848858984,84.94638997614354,0.4198111861911715,38.134592782420846,15,19,0.9,Successful
189,66.0295873819818,18,5.06868147492836,7.35985592112873,79.91234471244985,1.6172862611323175,21.648677245399647,14,13,0.72,Successful
72,87.98073522301259,25,9.628936965177871,8.68281391460616,80.04068300119361,1.1660831219393843,30.61904665438077,19,21,0.84,Successful
107,91.15574384553445,29,9.146875776246572,7.384137516873317,93.59865731431692,0.23550216578028227,34.44369307472096,18,25,0.86,Successful
271,79.48537248358753,19,6.938270370387524,6.524682583826825,74.78117154999715,1.6063371714795198,32.78597400358908,15,15,0.79,Successful
349,84.88775929241008,21,5.332423886539421,5.423893495179411,,,28.95804997061984,14,15,0.71,Successful
436,57.51318341542335,13,3.7360838908350353,5.294083855840773,39.6348645790786,5.939753244833199,8.510442090599678,8,7,0.54,Needs Improvement
103,89.7153397161449,20,8.182573353572266,8.900202562950177,94.71493028061327,0.343358571696607,29.84675087607826,,19,0.95,Successful
